date,ret
20120105,-0.00221450534931267
20120106,-0.00294462348818592
20120109,0.00351344673530884
20120110,0.00360614762958988
20120111,0.00611315835826298
20120112,0.00181040032055679
20120113,0.00141271065075577
20120116,-0.00977016985053936
20120117,0.00123878941611122
20120118,-0.00396048235616708
20120119,-0.00579329706865361
20120120,0.00934058081953482
20120130,0.00994861146765347
20120131,0.00365838819344777
20120201,-0.00202865430871924
20120202,0.00795139751469476
20120203,-0.00327386093236026
20120206,0.00812410928092344
20120207,0.00271158650384695
20120208,-0.00118400191557544
20120209,-0.00126224343264481
20120210,0.00113727735022096
20120213,-0.00461102113696921
20120214,0.00259453032103663
20120215,0.00240162492503648
20120216,0.00142444908422168
20120217,0.00572289470051257
20120220,-0.000150560933967703
20120221,-0.000748698376257906
20120222,-0.00156848619779326
20120223,0.00198035505442196
20120224,0.00423637561509893
20120227,0.00167096991123628
20120228,-0.000602026608012007
20120229,1.64996905738235e-06
20120301,0.00458253889911542
20120302,0.00012668256912951
20120305,-0.00223435551018192
20120306,-0.00180220314154489
20120307,-0.000562066562512009
20120308,0.00455717440811965
20120309,0.00455851181702593
20120312,0.00574858273940815
20120313,0.00594990712702792
20120314,0.00524997313354048
20120315,0.00323802871018875
20120316,-0.00436946070896704
20120319,-0.00288007218280628
20120320,0.00703387848146098
20120321,0.00319598209905991
20120322,-0.00346725256063118
20120323,0.00497649240828069
20120326,0.00469159298544519
20120327,-0.000279178766919297
20120328,0.0061813750889339
20120329,0.00256878074439593
20120330,0.00202916196401448
20120405,0.00632282911285165
20120406,-0.0010883233323673
20120409,0.00592266979080547
20120410,0.000421419950410007
20120411,-0.00455663789428606
20120412,0.00355109852103297
20120413,0.00765329216286381
20120416,0.00803218470458034
20120417,4.87564776971983e-05
20120418,0.0079366543227799
20120419,-0.00441663922212721
20120420,0.00402070210527139
20120423,-0.00195991894202041
20120424,-0.0107958293118738
20120425,-0.0168527689322909
20120426,-0.00597312631231961
20120427,0.0137338683613719
20120502,0.011689354318227
20120503,0.00611378104669513
20120504,0.000669103543005312
20120507,0.00872852134602731
20120508,0.00295558181045297
20120509,0.00401491755797312
20120510,-0.00420767878002615
20120511,4.01250535442266e-06
20120514,0.00484379680599623
20120515,-0.000622851022026971
20120516,-0.00492325227366897
20120517,-0.000213485291536863
20120518,0.00391121209039169
20120521,4.22010623917224e-05
20120522,0.00262476275754775
20120523,0.00249196969901555
20120524,-0.00256516253535188
20120525,-8.94710552939992e-05
20120528,-0.000261927177781285
20120529,0.00149143520267159
20120530,0.00602656898462195
20120531,0.00130449885896522
20120601,0.008666941688938
20120604,0.00211117734561839
20120605,-0.00421424943139803
20120606,0.0019023560494893
20120607,0.00245307481436008
20120608,0.000965654343968003
20120611,0.00463235014836694
20120612,-0.000578667709944192
20120613,-4.93219076196372e-05
20120614,0.00423043116361943
20120615,0.00740899956314012
20120618,-0.000402431771162393
20120619,-0.00102094447524215
20120620,0.00850579378492577
20120621,-0.00016468021927607
20120625,-0.00164189330643294
20120626,-0.00602906266047154
20120627,-0.000818228071682636
20120628,-0.00553625545430236
20120629,-0.00104723081822622
20120702,0.00532057037264511
20120703,-0.00120153675382739
20120704,0.0029080806786661
20120705,0.000139405083989796
20120706,-0.00686567086989442
20120709,0.000968703993224906
20120710,-0.00154259820010838
20120711,0.00127784797198394
20120712,0.00338386809028157
20120713,0.00128722073209464
20120716,-0.00121290214762715
20120717,-0.00566597444348915
20120718,0.00124005817800743
20120719,0.00215864791416398
20120720,0.00857332871218008
20120723,0.00758520179725597
20120724,-0.000217954936456155
20120725,0.00473911144490846
20120726,0.00661762025281121
20120727,0.0073677043502629
20120730,0.00399565060932305
20120731,-0.00160302592083639
20120801,-0.00824301204848632
20120802,-0.00308879148022922
20120803,-0.00363601069729824
20120806,0.00109639317137611
20120807,0.00157774783092202
20120808,0.00496684992105623
20120809,0.000560810629932185
20120810,0.00349350568748541
20120813,0.00889770483641361
20120814,-0.00750841626956422
20120815,0.00201960717336291
20120816,0.0069770796757429
20120817,0.00670750688024957
20120820,0.00486978790336412
20120821,-0.00520316787878894
20120822,0.00575838947499485
20120823,0.00510494938390793
20120824,0.00305425705210349
20120827,0.0049327707723601
20120828,-0.00563956846376212
20120829,-0.00724798205593091
20120830,0.000883273393204709
20120831,0.00561296721588822
20120903,-0.00411362982587904
20120904,-0.00164129668619872
20120905,-0.00405697722074638
20120906,0.00366466396805243
20120907,0.00346577196135645
20120910,0.0109302524096175
20120911,-0.00594332495137995
20120912,0.00507235052817934
20120913,0.00224312646856606
20120914,0.0101294966872238
20120917,0.000634619475355924
20120918,-0.00217321490566658
20120919,-0.00044192841470414
20120920,0.00198566125704502
20120921,0.000935607883534528
20120924,0.00494028790461831
20120925,-0.00313681015376444
20120926,0.00532206894893772
20120927,0.00287167401582011
20120928,-0.00288100819644999
20121008,0.00203450120337245
20121009,0.00205715130239859
20121010,0.00486407217455387
20121011,0.0051244409633735
20121012,0.00445619952546572
20121015,-0.00291848604971179
20121016,0.0016443441854308
20121017,0.00478151942570748
20121018,0.000843139561484296
20121019,0.00264310089230313
20121022,0.00738578321236116
20121023,-0.0026060133194924
20121024,-0.000850184144497779
20121025,-0.00237047921283984
20121026,0.0118832736556733
20121029,-0.00185503867783221
20121030,-0.00305095156737167
20121031,0.00625702634739622
20121101,0.0049779213823653
20121102,0.00575706487582051
20121105,-0.00376049067444817
20121106,-0.00419585982701665
20121107,-0.000730345386845355
20121108,0.00573779466391078
20121109,-0.00260473018260443
20121112,-0.00392094286628009
20121113,-0.0026884651736192
20121114,0.0132867381119479
20121115,0.00183750068031441
20121116,-0.00322091119872159
20121119,0.00179674514503847
20121120,-0.00516329682832961
20121121,-0.000251949241958371
20121122,0.005248499827603
20121123,-0.000127208873759943
20121126,0.00441691975684333
20121127,0.000650157720963218
20121128,0.000516995852457791
20121129,-0.00208885177161378
20121130,-0.00141924185784381
20121203,0.00534702614393701
20121204,-0.00367146788877726
20121205,0.00840864460979551
20121206,0.000267979060386558
20121207,-0.00211184640783346
20121210,-0.00425676418235421
20121211,0.00222300891711913
20121212,0.0105748900637581
20121213,-0.00877711565072004
20121214,-0.000408439308308806
20121217,-0.000325541941008312
20121218,0.00725727985525282
20121219,0.00389184802622666
20121220,0.00215367235217401
20121221,-0.00897099188877859
20121224,0.00630099128450978
20121225,-0.000429162063275146
20121226,-0.00251832937115537
20121227,-0.00249420561461844
20121228,0.0121430955160937
20121231,-0.00172984948061672
20130104,0.0074829285603295
20130107,-0.00355846720284303
20130108,-0.000359492706180964
20130109,0.00506743195519754
20130110,0.00780305574777374
20130111,0.000986022695151023
20130114,-0.00673074449088462
20130115,-0.0005846137401464
20130116,0.0098412896031812
20130117,0.0045841879053854
20130118,0.0112912151597364
20130121,0.00409962791446006
20130122,0.00245510997734044
20130123,0.000732298840939283
20130124,0.0013015346019547
20130125,-0.00138499562232652
20130128,0.00282533298224652
20130129,0.00136708720348033
20130130,0.00486349534481967
20130131,0.00295905397361884
20130201,0.00216205019031479
20130204,-5.61819487635562e-05
20130205,-0.00205972505161667
20130206,0.00145613316990967
20130207,0.000694777451025974
20130208,0.00187524001999217
20130218,-0.00229773805434919
20130219,0.00621644395795995
20130220,0.00845658503555113
20130221,-0.0011009690749525
20130222,0.000549787587799999
20130225,-3.32987363065307e-05
20130226,0.000116490706739913
20130227,0.00261411721360272
20130228,0.00165697890542504
20130301,-0.00106773825142747
20130304,-0.0120034700262449
20130305,-0.0132109069565444
20130306,0.00108313626699807
20130307,0.00804959770873781
20130308,0.0127377578874626
20130311,0.00714237789664751
20130312,0.00639066563843782
20130313,0.00310347548319934
20130314,0.000273984465609001
20130315,0.00371517648205755
20130318,0.00627240586487399
20130319,-0.00060666247414809
20130320,0.00425281449267367
20130321,0.00186415869303103
20130322,-0.000394323248679274
20130325,0.000752694049312552
20130326,-0.0026876831651983
20130327,-0.00607475940518953
20130328,0.00286092634390789
20130329,-0.0012930608068038
20130401,0.00272827813671372
20130402,-0.000778919207161333
20130403,0.0093581076617042
20130408,0.00295938868342738
20130409,-0.000450274574873566
20130410,0.0113634890768115
20130411,0.00300922102190038
20130412,-0.000743660663540147
20130415,0.00361026407057707
20130416,-0.00159895848180314
20130417,0.00761120155651285
20130418,0.00286442181352831
20130419,0.0110284332304049
20130422,0.00293499321728352
20130423,-0.000938369741049994
20130424,0.000707413247217348
20130425,-0.00438101974876282
20130426,0.00859556084483559
20130502,-0.00212237710084129
20130503,-0.00589115442065025
20130506,-0.00135696618575931
20130507,0.00206469816579813
20130508,0.00541306618733106
20130509,-0.00285531329036026
20130510,-0.00174912667717686
20130513,0.0114496610447163
20130514,-0.000741036864371769
20130515,0.00429134312158697
20130516,-0.00337336456169579
20130517,0.00474196422850115
20130520,0.00173039938637598
20130521,0.00330554244029257
20130522,-0.00122984127190751
20130523,0.0084807224134571
20130524,0.000337603180677215
20130527,-0.00743154334320373
20130528,0.00279793662339545
20130529,0.00904833141387007
20130530,-0.00223887618311047
20130531,0.000282617202326474
20130603,0.00541659713946796
20130604,0.00653996255478617
20130605,-0.00494722693429861
20130606,-0.00135337932989066
20130607,-0.000715375739222979
20130613,0.0112504782509124
20130614,-0.001357203039977
20130617,-0.000116358116993731
20130618,0.0019278973285064
20130619,-0.000517036732915699
20130620,0.00110602238216106
20130621,0.00841084905990197
20130624,-0.00807892795457443
20130625,-0.0103662846050083
20130626,-0.0018812018138038
20130627,-0.0084218322558367
20130628,0.00819453634715606
20130701,0.0108967638260995
20130702,-0.00474209614468879
20130703,0.0036482618178002
20130704,-0.00661059904177907
20130705,0.0115339412830004
20130708,0.00695853203067021
20130709,-0.00566582891810019
20130710,-0.00513254706367072
20130711,0.00129264187873446
20130712,0.0086506567166047
20130715,0.000765481600322415
20130716,0.00140845504508302
20130717,0.00348952881983844
20130718,-0.000369435709632882
20130719,-0.00165096690251398
20130722,0.00102463466691538
20130723,-0.00794340619739209
20130724,0.00381245285697607
20130725,0.00454362150153198
20130726,0.0127246681805424
20130729,-0.0102715243585425
20130730,0.00906160726112781
20130731,-0.000190860846239871
20130801,-0.00136695332890768
20130802,0.00221838630751714
20130805,0.010235165918447
20130806,0.00358564142872142
20130807,-0.000884744277315219
20130808,0.00282086835875739
20130809,-0.0009115548938331
20130812,0.00817799193521163
20130813,0.00790325814815152
20130814,0.00331338945522131
20130815,-0.00106249878352038
20130816,-0.0067138992393676
20130819,0.00460358326626076
20130820,-0.00531334655499149
20130821,-0.00550410528982115
20130822,0.00493758213826023
20130823,0.00632321994612561
20130826,0.00727799405931928
20130827,0.00267374968262279
20130828,-0.00768522518443804
20130829,0.00748136892681694
20130830,-0.00517295266480111
20130902,0.00767877222839752
20130903,0.00337274527600595
20130904,-0.0010041535416383
20130905,-0.00263110257976218
20130906,0.00351402877083373
20130909,-0.00464093222704998
20130910,0.005060907253015
20130911,-0.00157284802840141
20130912,0.0100288075163113
20130913,0.00451260727660974
20130916,0.00445821784182132
20130917,-0.00279511367852914
20130918,0.00566041402709838
20130923,-0.00436372693466502
20130924,-0.0030144822530106
20130925,-0.00211734338319758
20130926,-0.000287309101711597
20130927,0.0128514692496824
20130930,0.00436622059396496
20131008,-0.00729475675074409
20131009,0.00526134401866352
20131010,-0.00302941166573234
20131011,-0.00319377203277282
20131014,-0.00371076588563968
20131015,-0.00795055101635445
20131016,0.000512540572733089
20131017,0.00810091151031589
20131018,0.00513291243950365
20131021,-0.00308187798697024
20131022,-0.00973959906426891
20131023,0.00271476361420664
20131024,0.00953827944088759
20131025,0.00606207146749571
20131028,0.000264035353055414
20131029,0.00944637621425559
20131030,0.000290471508669343
20131031,0.000103525318906339
20131101,0.0174633711892451
20131104,0.00956982544325946
20131105,-0.000385909754355818
20131106,-0.00558247880209362
20131107,0.0096431922014506
20131108,0.00632951456301134
20131111,0.00138111625597648
20131112,-0.000357471421080335
20131113,0.003717039852285
20131114,0.00324685731475571
20131115,-0.00105711461016245
20131118,0.00379394112506182
20131119,-0.0003108280260119
20131120,0.00553841354678819
20131121,-0.00503800013135414
20131122,0.00508191222415943
20131125,0.00587180100268836
20131126,-0.00108658503153558
20131127,0.00486307659229213
20131128,0.00403546088576667
20131129,-0.000814013698125615
20131202,-0.0071288531788779
20131203,-0.00115342663794959
20131204,-0.00668401807782204
20131205,0.000331455392314606
20131206,0.0126915405047123
20131209,0.00670647752437392
20131210,-0.000618617901902319
20131211,-0.00140107476929707
20131212,0.00486252253044772
20131213,0.00221940323748537
20131216,-0.00256977875427489
20131217,-0.000482479518312151
20131218,0.00916898669615751
20131219,0.00345448787807179
20131220,0.0035863317524103
20131223,0.000886055633593896
20131224,-0.00218755227317868
20131225,-0.00319139216159703
20131226,0.00165881550727387
20131227,0.00166982825480821
20131230,0.00186005141670065
20131231,0.00483196033548694
20140102,0.0097450155488128
20140103,-0.00679584436692349
20140106,0.00576236812873177
20140107,0.00575190542638548
20140108,-0.00316464432340413
20140109,0.00211289396138969
20140110,0.0114645166845209
20140113,-0.00454343478686747
20140114,-0.0109676187115768
20140115,-0.00430123438028562
20140116,-0.00265305990237452
20140117,0.00456402671706369
20140120,-0.0068539330583991
20140121,-5.01235146812551e-05
20140122,-0.0130261721798235
20140123,0.0111513811485704
20140124,-0.00353250247121006
20140127,0.00666824986746173
20140128,-0.00249251117016802
20140129,-0.0027073896614872
20140130,-0.0098157570416022
20140207,0.00145694105217831
20140210,-0.00334680367617424
20140211,-0.00273776487603261
20140212,-0.00103373683432884
20140213,0.0121332579667639
20140214,0.00446529032349652
20140217,-0.00380606601477562
20140218,-0.00789674256523498
20140219,-0.000195988431907157
20140220,0.0050068594668502
20140221,0.0026367435005028
20140224,-0.00226431522037729
20140225,-0.00670411309074748
20140226,0.00769768342195687
20140227,-0.00484888580193032
20140228,2.08948812920884e-05
20140303,0.0082604343972803
20140304,-0.000269874412458959
20140305,0.000366080953595249
20140306,-0.000497349702402672
20140307,0.00311554342009157
20140310,-0.00126514501037234
20140311,0.00836461831233404
20140312,0.00208993679274383
20140313,0.0124855364696157
20140314,0.00623216915636005
20140317,0.000826824616114941
20140318,-0.00578980702590859
20140319,-0.000526852632801722
20140320,-0.00725454893180821
20140321,0.0056090363258805
20140324,-0.00118290882054517
20140325,-0.00410610389668931
20140326,0.0120965598876321
20140327,0.000757322560971829
20140328,-0.00264777423076745
20140331,0.00795807492602418
20140401,0.00508418407470823
20140402,-0.00113279285131762
20140403,-0.00284374199211979
20140404,-0.00351447004673688
20140408,0.00116328807184618
20140409,0.00308893692532108
20140410,0.000286031558620836
20140411,0.00401986955189759
20140414,0.00290088966186031
20140415,-0.00330133909649477
20140416,-0.000597144905364333
20140417,-0.000762636641009728
20140418,0.00463000205298991
20140421,0.00501526192284829
20140422,0.00168381042725607
20140423,-0.000781610503813757
20140424,0.00235025034829217
20140425,0.00238443277062617
20140428,0.00490645932800216
20140429,-0.000569839052860122
20140430,-0.00177508644433055
20140505,0.00312549559628983
20140506,7.40482667922482e-05
20140507,0.00278241180444372
20140508,-0.00365691172255822
20140509,0.000134002487840901
20140512,0.00260638731880936
20140513,0.000171661908537457
20140514,0.00489168988299271
20140515,0.00208243428666921
20140516,-0.000180081778681562
20140519,-0.00359899504838856
20140520,0.0027242805991039
20140521,0.00437192515857898
20140522,0.00592956851882165
20140523,0.00900893101258116
20140526,0.0059862576415064
20140527,0.00310367409476675
20140528,0.00111229232752486
20140529,0.00387825650996243
20140530,0.00374356106887608
20140603,0.00278318361570595
20140604,0.00428606019355748
20140605,0.00187550712888962
20140606,0.000926641215719615
20140609,0.00319873128757675
20140610,-0.00249108706908274
20140611,-0.00452807236880781
20140612,0.00188475871892457
20140613,-0.00446500714251263
20140616,0.00650210741409585
20140617,0.00214159567475392
20140618,0.00160516681336964
20140619,0.00319891913818693
20140620,0.00125949335435371
20140623,-0.0027917410236965
20140624,-0.00266570020055468
20140625,0.000671074390919957
20140626,0.00202444866986173
20140627,0.000368879819394152
20140630,0.00332676290729528
20140701,0.0089502721277932
20140702,0.00264826220188485
20140703,0.00607946709359064
20140704,0.00264518050367668
20140707,-0.00066389577252346
20140708,-0.00643132530352819
20140709,-0.00300208781495415
20140710,0.00213848034029573
20140711,-0.00292639907072323
20140714,-0.0019875608529708
20140715,-0.000553485179143776
20140716,0.00140500827280876
20140717,0.00772405462248948
20140718,0.00552425299425052
20140721,0.000213719984803129
20140722,-0.00218775602502275
20140723,-0.00540899490788571
20140724,-0.00232234235643358
20140725,0.0026129560959316
20140728,0.00678768641531224
20140729,0.0053832372497109
20140730,-0.00115548646185348
20140731,0.000662821707364314
20140801,0.000803424641266481
20140804,0.00586575800587741
20140805,-0.00169359475980568
20140806,0.00751411693647541
20140807,0.00312258643214891
20140808,0.00111943471996967
20140811,6.50167499214316e-05
20140812,-0.000479135332843272
20140813,0.0013256971611586
20140814,-0.00136570378954926
20140815,0.00432149288835282
20140818,0.00407186362943812
20140819,0.00133400642639203
20140820,0.00383445601047994
20140821,0.000210302397465778
20140822,0.00122784654582375
20140825,0.0026526905978419
20140826,0.00896865910947153
20140827,-0.000146513676415272
20140828,0.00538669606661601
20140829,0.00441726526634989
20140901,0.00208054128223956
20140902,-0.00024123833358547
20140903,-0.00631892644430065
20140904,0.000407356387680746
20140905,0.000144019018525565
20140909,0.00091838674707323
20140910,0.0014885502730182
20140911,0.00387672425954899
20140912,0.00412807782335589
20140915,0.00132077665861075
20140916,-0.00237337656404479
20140917,0.00832848291958466
20140918,0.000828401259294509
20140919,0.00161681051246254
20140922,-0.00380877630393939
20140923,0.00105204761519628
20140924,-0.000929158722793533
20140925,-0.000800223244841747
20140926,-0.00481393433317234
20140929,-0.00252268251920995
20140930,0.00671276487324257
20141008,0.00433005056252322
20141009,-0.00259069691379543
20141010,-0.000275988167701469
20141013,0.00155180401443511
20141014,-0.00142113530213617
20141015,-0.00328433064527422
20141016,0.00121701913897021
20141017,0.00957946273050236
20141020,-0.000437060959887936
20141021,-0.00144374002434156
20141022,0.00679295812266778
20141023,-0.00258368062163283
20141024,0.00307400054152263
20141027,0.00238508465285903
20141028,0.00212345118064827
20141029,-0.00215970795928433
20141030,-0.00542475837085021
20141031,0.00897090298930192
20141103,0.00165047384033357
20141104,-0.00044393972278467
20141105,0.00366828114274687
20141106,0.000459276882583071
20141107,-0.00208828387886906
20141110,0.00332004884257686
20141111,-0.00716105710968928
20141112,0.00507949323863577
20141113,-0.00173526880067953
20141114,0.00175860372603265
20141117,0.0139540365008599
20141118,0.000535045895880604
20141119,-0.00574315216928656
20141120,0.00785197628300116
20141121,-0.00692756151959395
20141124,0.00259030375274349
20141125,0.00157714751132443
20141126,0.0044563949420322
20141127,-6.42928419551936e-05
20141128,0.00370354492145397
20141201,-0.00743634129175197
20141202,-0.00715204763211974
20141203,-0.00280320253813782
20141204,0.00782152273420889
20141205,-0.00336639537880346
20141208,0.0104884230118669
20141209,0.0130296451071064
20141210,0.0112786290874514
20141211,-0.00194438331154001
20141212,0.00178801837673359
20141215,0.00425046137352081
20141216,0.00222090366534289
20141217,0.000803247275810159
20141218,-0.00450711095965772
20141219,-0.00258875291846317
20141222,-0.00415377332081168
20141223,-0.00115478364977983
20141224,0.0139467876096002
20141225,0.00505032807426797
20141226,-0.00482502422834441
20141229,0.00123635233014396
20141230,-0.00699356842163468
20141231,0.00545313814388737
20150105,0.00994508137364658
20150106,0.00717574040227897
20150107,0.0094956476573258
20150108,-0.00123123429949501
20150109,0.0128481058432146
20150112,0.00339707069221729
20150113,-0.0010153744652962
20150114,0.00273543707430912
20150115,0.00414600547794697
20150116,0.00388572431277501
20150119,-0.00882743866697555
20150120,0.0102530868053334
20150121,-0.00965464888700596
20150122,0.00960670319067547
20150123,0.00451312886459565
20150126,0.00646649893443563
20150127,-0.00636103036412605
20150128,0.000291359877739428
20150129,0.0043059319033143
20150130,0.00253322680949997
20150202,0.00653270789934313
20150203,-0.00335567596856845
20150204,-0.000353748812409904
20150205,-0.00225436757450082
20150206,-0.000238822719648812
20150209,0.00607604182488952
20150210,0.00963047983907739
20150211,-0.0054702427348966
20150212,0.000159526720973746
20150213,0.00293702547426355
20150216,-0.000863677060945034
20150217,-0.00134192518954268
20150225,-0.00172547376814269
20150226,0.0108582989921555
20150227,0.00411120345600047
20150302,-0.00118238968558471
20150303,-0.00247357968068251
20150304,0.00678960222065417
20150305,0.000921600785527055
20150306,-0.00350926311676314
20150309,0.0137987949596845
20150310,0.000975410074358418
20150311,-0.00124632468206909
20150312,0.000884984619563545
20150313,0.0080994140817463
20150316,-0.00236141809101631
20150317,-0.00575562073577907
20150318,0.000440370980706595
20150319,-0.00406565512143719
20150320,0.00252244354639619
20150323,0.000195226126173953
20150324,-0.00744795241440188
20150325,-0.012794118680185
20150326,-0.00451181747872742
20150327,0.0140721270389841
20150330,0.00462052653608769
20150331,0.00346062441535167
20150401,-0.00228946403003116
20150402,-0.00414006059674366
20150403,0.000138908971317964
20150407,4.57992415947572e-05
20150408,-0.00935321185618587
20150409,-0.00222327654661247
20150410,-0.00379067723646354
20150413,-0.00104833139044525
20150414,0.00610141333315894
20150415,0.0148571331863985
20150416,0.0058890209776532
20150417,0.00396177118789587
20150420,0.013063539250054
20150421,0.00982818795341767
20150422,0.00488885245347026
20150423,-0.0046728502661405
20150424,0.00336481703709146
20150427,-0.000212819181209412
20150428,0.00398505031956664
20150429,-0.000401491266064813
20150430,-0.00160483366766628
20150504,0.00905478419456984
20150505,0.00593948543968792
20150506,0.0084554472255729
20150507,-0.0027984462457924
20150508,0.0118385846184523
20150511,-0.000146571683791286
20150512,0.00199332298559352
20150513,0.00373199585602246
20150514,0.00518375456078246
20150515,-0.00383196305131783
20150518,-0.00816947740681928
20150519,-0.0021283113712407
20150520,0.00198161483281667
20150521,-0.00303700589470357
20150522,0.00340815090572666
20150525,0.00456512078363902
20150526,-0.0011404520941023
20150527,-0.0148161317545998
20150528,-0.0149686730905024
20150529,0.0130129932106653
20150601,0.00226842487548984
20150602,0.00627125456569844
20150603,0.0155102536346354
20150604,0.00692204834248766
20150605,0.0104924561802655
20150608,0.00200433728825478
20150609,0.0103707734360372
20150610,-0.000440238188073594
20150611,0.00470644350441618
20150612,0.00179027082478633
20150615,0.0055622040241905
20150616,0.00172586574322575
20150617,0.00178559337085393
20150618,-0.000471690528332847
20150619,-0.00946518944862218
20150623,0.0111028962111224
20150624,0.0171967023785158
20150625,-0.00943312107859218
20150626,-0.00533955178939527
20150629,0.0010459372428171
20150630,0.00149228337906759
20150701,0.0191490195567865
20150702,0.00945001821339253
20150703,0.0125405532504774
20150706,0.018044581561738
20150707,0.0160051031523802
20150708,0.0084182405015889
20150709,0.0107223024203218
20150710,-0.00961741077584977
20150713,-0.00991437351833224
20150714,-0.00534866972206238
20150715,0.0168891657109693
20150716,0.0189983797721691
20150717,0.00864497389022301
20150720,-0.00596980326559071
20150721,0.00390975103998237
20150722,-0.0111384390417114
20150723,-0.00163399675609266
20150724,-0.00559812784044911
20150727,0.00167987591145979
20150728,0.0126043766949442
20150729,0.00979935595765924
20150730,-0.000751888155763769
20150731,-0.00775184459432832
20150803,0.00734435084916352
20150804,0.00909993271132348
20150805,-0.00314048682057722
20150806,-0.00392115910686663
20150807,0.0196812607527588
20150810,0.00881256095896776
20150811,0.00373706661243522
20150812,0.00651796370070112
20150813,0.00570645888069365
20150814,-0.0033651411841491
20150817,0.0034889579765105
20150818,0.00891087629504583
20150819,0.0114036849573647
20150820,0.00631341585840262
20150821,0.00748304448151815
20150824,-0.0131856441710593
20150825,-0.0106510293630505
20150826,-0.00852958923653069
20150827,-0.00118311690350603
20150828,0.0116871299483734
20150831,0.00435111645214614
20150901,-0.0108504196222714
20150902,-0.00160801564548785
20150907,0.0187551323295985
20150908,0.00987226943729969
20150909,0.0200589762079817
20150910,0.0149865962188227
20150911,0.0074042873196849
20150914,-0.00579716564087784
20150915,0.00187298505953581
20150916,-0.00327662576753451
20150917,0.00483184721228103
20150918,0.00596266402954782
20150921,0.0122818774166331
20150922,0.00930097372917227
20150923,0.00828565045147189
20150924,-0.00366672058579121
20150925,0.0113202684014704
20150928,0.00071769591519244
20150929,0.00189867933827426
20150930,0.0108554060699013
20151008,0.0115362340573693
20151009,-0.000972070090732857
20151012,0.0139971298437824
20151013,0.0045042635193675
20151014,-0.00683496879893464
20151015,0.000218386617500066
20151016,-0.00293515998684668
20151019,-0.00579132375659608
20151020,-0.00365774205507552
20151021,0.00110594500361239
20151022,0.00736608963679242
20151023,-0.00691685227479233
20151026,0.00775487290317756
20151027,0.0218403854999645
20151028,-0.0021246244692632
20151029,0.0114642622521943
20151030,-0.00196530341740042
20151102,0.0126703994505863
20151103,0.0156254660242752
20151104,0.00307568855682039
20151105,-0.00122215468136855
20151106,0.00338967524761524
20151109,0.00064104612155913
20151110,0.00649791466032545
20151111,0.00447964899857611
20151112,-0.0105452968469665
20151113,-0.00873042201186214
20151116,0.0147839442805104
20151117,0.0052145637279355
20151118,0.0101776364757735
20151119,0.0175733529128226
20151120,-0.00570906652188519
20151123,0.00672158132008671
20151124,0.0161724732425721
20151125,-0.00382373839224148
20151126,0.00608324515605485
20151127,0.00661382630223506
20151130,0.00480065244484207
20151201,-0.0136480458909913
20151202,0.0108652714270732
20151203,0.00737670720729922
20151204,0.00258139909892119
20151207,0.00163928331572438
20151208,0.00630303278182676
20151209,0.00599826950415316
20151210,0.00537834073063337
20151211,0.00406544514131801
20151214,0.00753456204589398
20151215,0.00470502508748938
20151216,-0.0018691531358378
20151217,0.00221193013783183
20151218,0.0023821117656706
20151221,0.00185240212994642
20151222,0.00301480007399935
20151223,-0.00227152364884053
20151224,0.0089208749051386
20151225,-0.00108266046889549
20151228,0.00214621201186782
20151229,0.00507624423365427
20151230,0.001584467627612
20151231,0.00411086154336582
20160104,0.00430139748028768
20160105,0.00133358626712976
20160106,-0.00740211989594219
20160107,-0.00209896849747393
20160108,-0.00324692647540581
20160111,0.000856130587514103
20160112,-0.00174635212622221
20160113,0.0247962876572101
20160114,0.00277545579262206
20160115,0.00796000510942418
20160118,0.00568267282731849
20160119,0.0128679323073897
20160120,0.00321256386624125
20160121,0.00543170761624978
20160122,0.0101770575817188
20160125,-0.00478011738059725
20160126,0.00215475892191574
20160127,-0.00155320887979693
20160128,-0.0104820117096663
20160129,0.00277402467297527
20160201,0.0127543910661705
20160202,0.00738487209650152
20160203,0.00376282081873303
20160204,0.0124725385274409
20160205,0.0118214405683348
20160215,0.0118150291738623
20160216,-0.00394792738647298
20160217,-0.00171750080488053
20160218,-0.00713625071695334
20160219,-0.00219729378606959
20160222,0.00193580520199665
20160223,0.00235132708658226
20160224,0.00242398720978909
20160225,0.00381539357322547
20160226,0.00285427043251119
20160229,-0.00146283808527425
20160301,-0.00526172464009211
20160302,-0.0005964375804971
20160303,-0.00492568515924519
20160304,-0.00111108071262422
20160307,-0.00885688939974305
20160308,0.000113998641134705
20160309,0.0124464104791715
20160310,0.0154422348779131
20160311,0.00425807400875278
20160314,0.00162318596530509
20160315,-0.001610019937895
20160316,0.00788453090964181
20160317,-5.71270446710903e-05
20160318,-0.00576693330861966
20160321,0.00770118590501068
20160322,-0.0017992064857606
20160323,-0.00211251527978296
20160324,-0.00596727379883621
20160325,0.00205314957003333
20160328,0.0052691422451987
20160329,0.000717858115395043
20160330,0.00213527758614496
20160331,-0.00813074499636612
20160401,0.00169985222125546
20160405,0.00293432030609653
20160406,0.00128652477165248
20160407,0.00215638387817507
20160408,-0.00406746269641867
20160411,0.00361645832847501
20160412,0.0135154487436639
20160413,0.015940004335119
20160414,0.000971092440429144
20160415,0.00442371166693212
20160418,0.0058800719060661
20160419,-0.00362511646523211
20160420,0.000395576715439327
20160421,0.0023698558568559
20160422,0.00402438184608478
20160425,0.00835425878040841
20160426,0.000605043522419191
20160427,-0.000166129548934579
20160428,0.00184435661108973
20160429,0.00214952692490522
20160503,-0.000721851969964105
20160504,-0.00070339119700269
20160505,-0.00191066993803324
20160506,-0.00387244695915279
20160509,0.00284952464818455
20160510,-0.0108808575433152
20160511,0.00810227261080287
20160512,0.00376631437908359
20160513,-0.0120177426569668
20160516,-0.00881520766642008
20160517,-0.00670990073161948
20160518,0.0171069534196069
20160519,-0.00882378038973508
20160520,-0.00853712035800525
20160523,-0.00131463429589762
20160524,-0.00636569468056203
20160525,0.00113153493872264
20160526,0.00763131481384005
20160527,-0.00698728299058782
20160530,0.00682597719392741
20160531,0.00536853055236231
20160601,-0.000131781009687693
20160602,-0.00453062987303254
20160603,-0.00376132053358325
20160606,0.00949037577635137
20160607,-0.00448532009465952
20160608,-0.00906461520257029
20160613,0.00806034029579439
20160614,0.0153426428593373
20160615,-0.0059628320737064
20160616,-0.0150633106871793
20160617,-0.009536459177379
20160620,0.00277070060803997
20160621,-0.0069375248246647
20160622,0.00736077777717381
20160623,0.00406876835643311
20160624,0.0111178012558331
20160627,-0.00679347777313355
20160628,-0.00571553876954634
20160629,0.0129415267476076
20160630,-0.0068701937050627
20160701,0.0179504554372107
20160704,-0.0036524757204861
20160705,-0.00247646979273597
20160706,-0.00690224335689582
20160707,0.00274112607650001
20160708,0.00465528903629209
20160711,0.00515154634201687
20160712,0.00760083053542382
20160713,0.000351053895540465
20160714,0.00534169988832223
20160715,0.00113746185981833
20160718,0.00248784016278014
20160719,0.00549972618390449
20160720,-0.00044337109557735
20160721,0.00623063608760432
20160722,0.00118903258036696
20160725,-0.000549583729698377
20160726,0.00752314200826709
20160727,0.000559393402113528
20160728,-0.00227662561555175
20160729,-0.00166243065183291
20160801,0.0103185168526323
20160802,0.012806476581241
20160803,-0.00112792576514131
20160804,-0.00136085917156825
20160805,0.00441608850131758
20160808,-0.000870234866313102
20160809,0.00350472945213687
20160810,0.000264984484615871
20160811,0.00483389864690587
20160812,0.000613717739846642
20160815,-0.00043792059469383
20160816,-0.0027647870910158
20160817,0.00151174382797414
20160818,-0.00423075624342706
20160819,-0.00701893193533687
20160822,-0.000651451495538358
20160823,0.0149768438475739
20160824,0.00153071544427874
20160825,0.00220507235540857
20160826,0.000413430700598072
20160829,0.00745981551511665
20160830,0.00697677825391074
20160831,0.00354851802610789
20160901,-0.000309923696537817
20160902,0.00632600615074952
20160905,-0.00217355237263317
20160906,-0.0022972823607279
20160907,0.00264797980960951
20160908,0.00202689248821453
20160909,0.000547015181316057
20160912,0.00247331391695216
20160913,-0.00689257837449475
20160914,0.00505504455173966
20160919,0.0118545307171405
20160920,-0.000425896926556035
20160921,-0.000878431873495789
20160922,0.00368422497517917
20160923,-0.00499633450850101
20160926,0.000858544317961174
20160927,-0.00418168763462878
20160928,0.00631064390469582
20160929,-0.000164520291444759
20160930,0.00263794706530929
20161010,0.00304365287690245
20161011,0.0053983141643299
20161012,-0.00599633590202187
20161013,0.00530414191351403
20161014,0.000458038157853613
20161017,0.00300104611640784
20161018,-0.0018206387671249
20161019,-0.0015771209717399
20161020,0.000354163640533756
20161021,0.0114241576853864
20161024,-0.00423080755153937
20161025,0.000997702212730323
20161026,0.00145604687777157
20161027,0.000975325486878731
20161028,-0.000977508201773225
20161031,0.00845496031492132
20161101,-0.00248747227210733
20161102,-0.00649220970545372
20161103,-0.00277620461039374
20161104,-0.00279394705406144
20161107,0.00961358110623234
20161108,-0.000584791509788074
20161109,0.000161176749340575
20161110,-0.00849440703823123
20161111,-0.000867473983183542
20161114,0.0040171291577884
20161115,0.00844205324135139
20161116,-0.000654488306106926
20161117,0.00954162744324361
20161118,-0.00234389944884295
20161121,-0.00216685975079767
20161122,-0.00584955882884408
20161123,-0.0004169207365462
20161124,0.00605285929432586
20161125,-0.00420347376118568
20161128,0.00333216728176233
20161129,0.0101709547896838
20161130,0.00541703667329152
20161201,-0.000325258290275521
20161202,0.00163979432731987
20161205,0.000993136409773498
20161206,0.0101078437129789
20161207,0.00572549804997502
20161208,-0.000150818535792463
20161209,0.00330859690218466
20161212,0.00562787696967804
20161213,-0.00461890100812501
20161214,-0.00416212785072889
20161215,-0.00224245470278828
20161216,-0.000902814807363206
20161219,0.00659312278697888
20161220,0.00175794562232423
20161221,0.0115858809736713
20161222,0.00502414939888873
20161223,0.0033145649321511
20161226,0.00772470942630643
20161227,-0.000239284106918758
20161228,-0.00393692379394461
20161229,0.00526164531404927
20161230,-0.00390520197235955
20170103,0.00584959468143653
20170104,-0.000529460470272136
20170105,0.00327447709347983
20170106,-0.000205861396837981
20170109,-0.00266918605092148
20170110,-0.00423752364281027
20170111,0.0063210460232459
20170112,-0.00204063989170444
20170113,0.000703407771409648
20170116,-0.00259727770740592
20170117,-0.01254221805541
20170118,0.00427443117653592
20170119,-0.0101771563363003
20170120,0.010401403395373
20170123,0.00225839633076386
20170124,0.00498851968958447
20170125,-0.00287578643259123
20170126,0.00758396973355979
20170203,0.0039481662259222
20170206,-0.00115041231587931
20170207,0.00279771497985659
20170208,-0.00360055867460596
20170209,-0.000846556776317509
20170210,0.00455235951984267
20170213,0.00291596273861461
20170214,-0.000396304119244628
20170215,-0.00307807540319305
20170216,0.00583163047582858
20170217,-0.00455395076370391
20170220,0.00111270547524889
20170221,0.0044249528318181
20170222,0.00260806531295166
20170223,0.000129551703673014
20170224,0.00931798326451294
20170227,0.00811711945974403
20170228,0.00704701233114036
20170301,0.00175253802089226
20170302,0.00783292454156759
20170303,-0.00153482417667017
20170306,0.00402245995694783
20170307,0.00141265666969481
20170308,0.00212961924674726
20170309,0.0027126709266394
20170310,0.00152508168067711
20170313,0.00178961802643141
20170314,-0.00603585898915349
20170315,-0.00232060381920063
20170316,-0.00136660938416022
20170317,-0.00458287854025097
20170320,0.0077120324328297
20170321,-0.00328712698592815
20170322,0.000784923392862291
20170323,-0.010802505569127
20170324,0.00702607511450659
20170327,-0.00305653612598267
20170328,0.00432376479422891
20170329,0.00518179109535555
20170330,0.00265730260356256
20170331,-0.00296015190147203
20170405,0.0159416625028244
20170406,0.00167523961226057
20170407,-0.0007345556585302
20170410,-0.0023068425760423
20170411,-0.0132301837646293
20170412,-0.00168377474401726
20170413,0.00829466502636844
20170414,-0.000454713447898603
20170417,0.00499559316397868
20170418,-0.000448684551985323
20170419,0.00275867072153613
20170420,0.0240642574158891
20170421,0.00544823134705763
20170424,0.0125259561091708
20170425,0.00879984547756485
20170426,-0.00314086582170525
20170427,0.00221728193550708
20170428,0.00446189639396311
20170502,0.00122751260322951
20170503,-0.00615869946212333
20170504,0.00475907362534511
20170505,-0.00149340014113708
20170508,0.00396018504754214
20170509,0.0031182734120907
20170510,-0.00189876793745325
20170511,0.000761746445200551
20170512,-0.00505707278063705
20170515,-0.00704522832811749
20170516,-0.00216530844986063
20170517,-0.00148222065630488
20170518,0.00945315095675614
20170519,0.00108008410093485
20170522,0.00524157371171863
20170523,0.00339145187644641
20170524,0.00352548792826557
20170525,-0.00326684050864934
20170526,-0.00771899820243027
20170531,0.00698193428652338
20170601,0.00986880481164287
20170602,-0.00496963098255032
20170605,-0.00130006777841507
20170606,0.0060408015955864
20170607,0.0094326758804133
20170608,0.000151718619537
20170609,0.00124047004626671
20170612,0.00419634651422163
20170613,-0.00281758070044102
20170614,0.00420462373262787
20170615,0.00718354927171472
20170616,0.0141342902526171
20170619,0.0011433543751449
20170620,0.00357289934830396
20170621,0.00138477063934705
20170622,0.00521764470984354
20170623,0.00523219676514364
20170626,-0.00291273130067404
20170627,0.0010305434080824
20170628,0.00211404772011226
20170629,-0.00464621995382675
20170630,0.00177667099364354
20170703,0.00350116829913838
20170704,0.00152099847120302
20170705,0.00526074712614055
20170706,-0.00256403698080954
20170707,-0.00253415423112069
20170710,-0.00072059591647311
20170711,4.75372726040924e-05
20170712,0.00215714318667626
20170713,-0.00852813644920158
20170714,0.00685377229261808
20170717,-0.000961847489305057
20170718,-0.0116477784605932
20170719,-0.00982572910128621
20170720,-0.00908336939502419
20170721,-0.00289672455186563
20170724,-0.000902962539359398
20170725,0.00480944850251852
20170726,0.000848143102905485
20170727,-0.00626194956038906
20170728,0.01845033063376
20170731,-0.00696289532840355
20170801,-0.008726752458311
20170802,0.0119752528959158
20170803,-0.000137155599032157
20170804,0.0098495518968662
20170807,0.0088561342813791
20170808,-0.00334605324836268
20170809,0.000317396028413741
20170810,-0.00353213378244621
20170811,-0.00496955403219079
20170814,0.0154417337486858
20170815,0.00195057940807541
20170816,0.00564501832930975
20170817,0.0107468474121177
20170818,0.00464653932260095
20170821,0.00980510400740031
20170822,-0.000886027715358728
20170823,0.00248532474571261
20170824,0.00645741246055387
20170825,0.00269324633065016
20170828,-0.0024823521670071
20170829,-0.0049463030280521
20170830,-0.00304630910962345
20170831,0.00135772342004459
20170901,-0.0106562731868424
20170904,0.00108745144813427
20170905,0.012991905643563
20170906,-0.00567224612985195
20170907,0.000945369994884704
20170908,0.00434359822827313
20170911,0.00289207789836921
20170912,-0.00781369804498633
20170913,0.0100361810869898
20170914,-0.00258921859743855
20170915,0.00465521041600958
20170918,0.0116072372992959
20170919,-0.00188221222534801
20170920,-0.000635647961151786
20170921,-0.00101105534360224
20170922,0.0117268064872065
20170925,-0.00115188336400607
20170926,0.00159162296742821
20170927,0.00538630504050808
20170928,-0.00603943413243369
20170929,-0.000241465238812077
20171009,0.00246205412355116
20171010,-0.0010289824393952
20171011,0.00782300845188555
20171012,0.0101426799054076
20171013,-0.00626566895090952
20171016,0.00807938888357773
20171017,0.00551988275942583
20171018,-0.000997529173601741
20171019,0.00267817269337445
20171020,-0.00068180331858303
20171023,0.000960867960140721
20171024,-0.00383192816028199
20171025,0.00202051377019496
20171026,-0.00023550423398222
20171027,0.00363280712591507
20171030,-0.00372209407825719
20171031,-0.0017461149033472
20171101,-0.00746105112833495
20171102,-0.00496172876447731
20171103,0.00229065986602262
20171106,-0.00279150905921188
20171107,-0.00330689520370908
20171108,0.00189523747645981
20171109,0.00829873168328898
20171110,-0.00109829638633996
20171113,-0.00196561117456406
20171114,-0.0104865476226946
20171115,0.00858336752138356
20171116,0.00242655908560829
20171117,0.00248259573237752
20171120,0.00729319929669447
20171121,-0.00605284244464754
20171122,-0.00518836910719811
20171123,0.00452417999219157
20171124,0.00773182665417305
20171127,0.00837160911658286
20171128,0.0240846625803735
20171129,-0.0116844665954758
20171130,-8.86529812295089e-05
20171201,0.000327671084833447
20171204,-0.00412497319352412
20171205,-0.00790517930255263
20171206,0.00109621260107762
20171207,-0.00705160697489959
20171208,0.00964894428087248
20171211,0.0113637316133512
20171212,0.00284041500058185
20171213,-0.00382052799535615
20171214,0.00037172522327622
20171215,-0.00105809228851006
20171218,0.00992638114826594
20171219,0.0100004721175884
20171220,-0.000639376691417004
20171221,-2.64600086860023e-05
20171222,-0.00390599913432277
20171225,0.00717758233992449
20171226,-0.00207182755597146
20171227,0.00770032379888375
20171228,0.00973608394730485
20171229,0.00684571314245952
20180102,0.00405264234748937
20180103,-0.00339035501657237
20180104,0.0059540317740332
20180105,0.0001394626936706
20180108,0.00184307591096466
20180109,-0.00931071758440805
20180110,-0.001913293158882
20180111,-0.000554483923277282
20180112,0.00560210281440754
20180115,0.000800858173056973
20180116,-0.00391448814442885
20180117,-0.00684014919134401
20180118,0.0172535892601662
20180119,0.00142891566914249
20180122,0.0100743733853108
20180123,0.0192294877989374
20180124,-0.00108751467834312
20180125,-0.000632643800636434
20180126,0.00681846031000144
20180129,-0.00132125467473021
20180130,-0.00271287635677275
20180131,0.00389920149052436
20180201,0.00331874853311764
20180202,-0.0015225317945543
20180205,-0.00289997221893179
20180206,0.00248427137439489
